survived,pclass,age,sibsp,parch,fare,adult_male,alone
1.0000000000000038,-0.33848103596101214,-0.06491041993052603,-0.03532249888573587,0.08162940708348308,0.25730652238496227,-0.5570800422053263,-0.20336708569989068
-0.33848103596101214,0.9999999999999885,-0.3398983283925858,0.08308136284568576,0.01844267131074846,-0.549499619943908,0.09403504971590519,0.13520715256449176
-0.06491041993052603,-0.3398983283925858,0.9999999999999989,-0.23329633125248916,-0.17248195403694852,0.09668842218036489,0.2477037562237251,0.17164748798378435
-0.03532249888573587,0.08308136284568576,-0.23329633125248916,0.9999999999999931,0.4148376986201549,0.15965104324216045,-0.253585682161813,-0.5844711694024877
0.08162940708348308,0.01844267131074846,-0.17248195403694852,0.4148376986201549,1.0000000000000178,0.21622494477076434,-0.3499427513001189,-0.5833976837814491
0.25730652238496227,-0.549499619943908,0.09668842218036489,0.15965104324216045,0.21622494477076434,1.0,-0.18202373008059733,-0.2718323581061079
-0.5570800422053263,0.09403504971590519,0.2477037562237251,-0.253585682161813,-0.3499427513001189,-0.18202373008059733,0.999999999999982,0.4047438689518067
-0.20336708569989068,0.13520715256449176,0.17164748798378435,-0.5844711694024877,-0.5833976837814491,-0.2718323581061079,0.4047438689518067,0.9999999999999822
